"TIME","GEO","CITIZEN","SEX","AGE","DECISION","UNIT","Value"
"2008Q1","Belgium","Total","Total","Total","Total positive decisions","Person","715"
"2008Q1","Bulgaria","Total","Total","Total","Total positive decisions","Person","65"
"2008Q1","Czech Republic","Total","Total","Total","Total positive decisions","Person","45"
"2008Q1","Denmark","Total","Total","Total","Total positive decisions","Person","180"
"2008Q1","Germany (until 1990 former territory of the FRG)","Total","Total","Total","Total positive decisions","Person","2,095"
"2008Q1","Estonia","Total","Total","Total","Total positive decisions","Person","5"
"2008Q1","Ireland","Total","Total","Total","Total positive decisions","Person","115"
"2008Q1","Greece","Total","Total","Total","Total positive decisions","Person","0"
"2008Q1","Spain","Total","Total","Total","Total positive decisions","Person","110"
"2008Q1","France","Total","Total","Total","Total positive decisions","Person","1,395"
"2008Q1","Italy","Total","Total","Total","Total positive decisions","Person","1,275"
"2008Q1","Cyprus","Total","Total","Total","Total positive decisions","Person","0"
"2008Q1","Latvia","Total","Total","Total","Total positive decisions","Person","0"
"2008Q1","Lithuania","Total","Total","Total","Total positive decisions","Person","15"
"2008Q1","Luxembourg","Total","Total","Total","Total positive decisions","Person","25"
"2008Q1","Hungary","Total","Total","Total","Total positive decisions","Person","70"
"2008Q1","Malta","Total","Total","Total","Total positive decisions","Person","565"
"2008Q1","Netherlands","Total","Total","Total","Total positive decisions","Person","1,405"
"2008Q1","Austria","Total","Total","Total","Total positive decisions","Person","965"
"2008Q1","Poland","Total","Total","Total","Total positive decisions","Person","490"
"2008Q1","Portugal","Total","Total","Total","Total positive decisions","Person","30"
"2008Q1","Romania","Total","Total","Total","Total positive decisions","Person","45"
"2008Q1","Slovenia","Total","Total","Total","Total positive decisions","Person","0"
"2008Q1","Slovakia","Total","Total","Total","Total positive decisions","Person","20"
"2008Q1","Finland","Total","Total","Total","Total positive decisions","Person","155"
"2008Q1","Sweden","Total","Total","Total","Total positive decisions","Person","1,540"
"2008Q1","United Kingdom","Total","Total","Total","Total positive decisions","Person","1,675"
"2008Q1","Norway","Total","Total","Total","Total positive decisions","Person","580"
"2008Q2","Belgium","Total","Total","Total","Total positive decisions","Person","1,060"
"2008Q2","Bulgaria","Total","Total","Total","Total positive decisions","Person","105"
"2008Q2","Czech Republic","Total","Total","Total","Total positive decisions","Person","70"
"2008Q2","Denmark","Total","Total","Total","Total positive decisions","Person","225"
"2008Q2","Germany (until 1990 former territory of the FRG)","Total","Total","Total","Total positive decisions","Person","1,690"
"2008Q2","Estonia","Total","Total","Total","Total positive decisions","Person","0"
"2008Q2","Ireland","Total","Total","Total","Total positive decisions","Person","75"
"2008Q2","Greece","Total","Total","Total","Total positive decisions","Person","15"
"2008Q2","Spain","Total","Total","Total","Total positive decisions","Person","20"
"2008Q2","France","Total","Total","Total","Total positive decisions","Person","1,305"
"2008Q2","Italy","Total","Total","Total","Total positive decisions","Person","1,850"
"2008Q2","Cyprus","Total","Total","Total","Total positive decisions","Person","0"
"2008Q2","Latvia","Total","Total","Total","Total positive decisions","Person","0"
"2008Q2","Lithuania","Total","Total","Total","Total positive decisions","Person","15"
"2008Q2","Luxembourg","Total","Total","Total","Total positive decisions","Person","95"
"2008Q2","Hungary","Total","Total","Total","Total positive decisions","Person","125"
"2008Q2","Malta","Total","Total","Total","Total positive decisions","Person","130"
"2008Q2","Netherlands","Total","Total","Total","Total positive decisions","Person","1,340"
"2008Q2","Austria","Total","Total","Total","Total positive decisions","Person","895"
"2008Q2","Poland","Total","Total","Total","Total positive decisions","Person","1,050"
"2008Q2","Portugal","Total","Total","Total","Total positive decisions","Person","15"
"2008Q2","Romania","Total","Total","Total","Total positive decisions","Person","15"
"2008Q2","Slovenia","Total","Total","Total","Total positive decisions","Person","0"
"2008Q2","Slovakia","Total","Total","Total","Total positive decisions","Person","10"
"2008Q2","Finland","Total","Total","Total","Total positive decisions","Person","190"
"2008Q2","Sweden","Total","Total","Total","Total positive decisions","Person","2,085"
"2008Q2","United Kingdom","Total","Total","Total","Total positive decisions","Person","1,885"
"2008Q2","Norway","Total","Total","Total","Total positive decisions","Person","635"
"2008Q3","Belgium","Total","Total","Total","Total positive decisions","Person","860"
"2008Q3","Bulgaria","Total","Total","Total","Total positive decisions","Person","105"
"2008Q3","Czech Republic","Total","Total","Total","Total positive decisions","Person","45"
"2008Q3","Denmark","Total","Total","Total","Total positive decisions","Person","200"
"2008Q3","Germany (until 1990 former territory of the FRG)","Total","Total","Total","Total positive decisions","Person","2,110"
"2008Q3","Estonia","Total","Total","Total","Total positive decisions","Person","0"
"2008Q3","Ireland","Total","Total","Total","Total positive decisions","Person","65"
"2008Q3","Greece","Total","Total","Total","Total positive decisions","Person","0"
"2008Q3","Spain","Total","Total","Total","Total positive decisions","Person","75"
"2008Q3","France","Total","Total","Total","Total positive decisions","Person","1,235"
"2008Q3","Italy","Total","Total","Total","Total positive decisions","Person","2,990"
"2008Q3","Cyprus","Total","Total","Total","Total positive decisions","Person","0"
"2008Q3","Latvia","Total","Total","Total","Total positive decisions","Person","0"
"2008Q3","Lithuania","Total","Total","Total","Total positive decisions","Person","10"
"2008Q3","Luxembourg","Total","Total","Total","Total positive decisions","Person","55"
"2008Q3","Hungary","Total","Total","Total","Total positive decisions","Person","100"
"2008Q3","Malta","Total","Total","Total","Total positive decisions","Person","445"
"2008Q3","Netherlands","Total","Total","Total","Total positive decisions","Person","1,765"
"2008Q3","Austria","Total","Total","Total","Total positive decisions","Person","865"
"2008Q3","Poland","Total","Total","Total","Total positive decisions","Person","405"
"2008Q3","Portugal","Total","Total","Total","Total positive decisions","Person","15"
"2008Q3","Romania","Total","Total","Total","Total positive decisions","Person","25"
"2008Q3","Slovenia","Total","Total","Total","Total positive decisions","Person","0"
"2008Q3","Slovakia","Total","Total","Total","Total positive decisions","Person","25"
"2008Q3","Finland","Total","Total","Total","Total positive decisions","Person","130"
"2008Q3","Sweden","Total","Total","Total","Total positive decisions","Person","1,545"
"2008Q3","United Kingdom","Total","Total","Total","Total positive decisions","Person","1,720"
"2008Q3","Norway","Total","Total","Total","Total positive decisions","Person","505"
"2008Q4","Belgium","Total","Total","Total","Total positive decisions","Person","870"
"2008Q4","Bulgaria","Total","Total","Total","Total positive decisions","Person","20"
"2008Q4","Czech Republic","Total","Total","Total","Total positive decisions","Person","55"
"2008Q4","Denmark","Total","Total","Total","Total positive decisions","Person","120"
"2008Q4","Germany (until 1990 former territory of the FRG)","Total","Total","Total","Total positive decisions","Person","1,975"
"2008Q4","Estonia","Total","Total","Total","Total positive decisions","Person","0"
"2008Q4","Ireland","Total","Total","Total","Total positive decisions","Person","50"
"2008Q4","Greece","Total","Total","Total","Total positive decisions","Person","35"
"2008Q4","Spain","Total","Total","Total","Total positive decisions","Person","75"
"2008Q4","France","Total","Total","Total","Total positive decisions","Person","1,215"
"2008Q4","Italy","Total","Total","Total","Total positive decisions","Person","3,625"
"2008Q4","Cyprus","Total","Total","Total","Total positive decisions","Person","0"
"2008Q4","Latvia","Total","Total","Total","Total positive decisions","Person","0"
"2008Q4","Lithuania","Total","Total","Total","Total positive decisions","Person","25"
"2008Q4","Luxembourg","Total","Total","Total","Total positive decisions","Person","15"
"2008Q4","Hungary","Total","Total","Total","Total positive decisions","Person","100"
"2008Q4","Malta","Total","Total","Total","Total positive decisions","Person","265"
"2008Q4","Netherlands","Total","Total","Total","Total positive decisions","Person","1,170"
"2008Q4","Austria","Total","Total","Total","Total positive decisions","Person","730"
"2008Q4","Poland","Total","Total","Total","Total positive decisions","Person","825"
"2008Q4","Portugal","Total","Total","Total","Total positive decisions","Person","5"
"2008Q4","Romania","Total","Total","Total","Total positive decisions","Person","20"
"2008Q4","Slovenia","Total","Total","Total","Total positive decisions","Person","0"
"2008Q4","Slovakia","Total","Total","Total","Total positive decisions","Person","35"
"2008Q4","Finland","Total","Total","Total","Total positive decisions","Person","180"
"2008Q4","Sweden","Total","Total","Total","Total positive decisions","Person","2,675"
"2008Q4","United Kingdom","Total","Total","Total","Total positive decisions","Person","1,810"
"2008Q4","Norway","Total","Total","Total","Total positive decisions","Person","1,330"
"2009Q1","Belgium","Total","Total","Total","Total positive decisions","Person","700"
"2009Q1","Bulgaria","Total","Total","Total","Total positive decisions","Person","55"
"2009Q1","Czech Republic","Total","Total","Total","Total positive decisions","Person","40"
"2009Q1","Denmark","Total","Total","Total","Total positive decisions","Person","95"
"2009Q1","Germany (until 1990 former territory of the FRG)","Total","Total","Total","Total positive decisions","Person","2,275"
"2009Q1","Estonia","Total","Total","Total","Total positive decisions","Person","0"
"2009Q1","Ireland","Total","Total","Total","Total positive decisions","Person","40"
"2009Q1","Greece","Total","Total","Total","Total positive decisions","Person","40"
"2009Q1","Spain","Total","Total","Total","Total positive decisions","Person","65"
"2009Q1","France","Total","Total","Total","Total positive decisions","Person","1,185"
"2009Q1","Italy","Total","Total","Total","Total positive decisions","Person","3,085"
"2009Q1","Cyprus","Total","Total","Total","Total positive decisions","Person","75"
"2009Q1","Latvia","Total","Total","Total","Total positive decisions","Person","0"
"2009Q1","Lithuania","Total","Total","Total","Total positive decisions","Person","30"
"2009Q1","Luxembourg","Total","Total","Total","Total positive decisions","Person","30"
"2009Q1","Hungary","Total","Total","Total","Total positive decisions","Person","90"
"2009Q1","Malta","Total","Total","Total","Total positive decisions","Person","530"
"2009Q1","Netherlands","Total","Total","Total","Total positive decisions","Person","1,680"
"2009Q1","Austria","Total","Total","Total","Total positive decisions","Person","745"
"2009Q1","Poland","Total","Total","Total","Total positive decisions","Person","1,100"
"2009Q1","Portugal","Total","Total","Total","Total positive decisions","Person","20"
"2009Q1","Romania","Total","Total","Total","Total positive decisions","Person","40"
"2009Q1","Slovenia","Total","Total","Total","Total positive decisions","Person","0"
"2009Q1","Slovakia","Total","Total","Total","Total positive decisions","Person","35"
"2009Q1","Finland","Total","Total","Total","Total positive decisions","Person","160"
"2009Q1","Sweden","Total","Total","Total","Total positive decisions","Person","1,470"
"2009Q1","United Kingdom","Total","Total","Total","Total positive decisions","Person","2,625"
"2009Q1","Norway","Total","Total","Total","Total positive decisions","Person","1,290"
"2009Q2","Belgium","Total","Total","Total","Total positive decisions","Person","685"
"2009Q2","Bulgaria","Total","Total","Total","Total positive decisions","Person","60"
"2009Q2","Czech Republic","Total","Total","Total","Total positive decisions","Person","30"
"2009Q2","Denmark","Total","Total","Total","Total positive decisions","Person","125"
"2009Q2","Germany (until 1990 former territory of the FRG)","Total","Total","Total","Total positive decisions","Person","2,780"
"2009Q2","Estonia","Total","Total","Total","Total positive decisions","Person","0"
"2009Q2","Ireland","Total","Total","Total","Total positive decisions","Person","30"
"2009Q2","Greece","Total","Total","Total","Total positive decisions","Person","60"
"2009Q2","Spain","Total","Total","Total","Total positive decisions","Person","85"
"2009Q2","France","Total","Total","Total","Total positive decisions","Person","1,190"
"2009Q2","Italy","Total","Total","Total","Total positive decisions","Person","2,485"
"2009Q2","Cyprus","Total","Total","Total","Total positive decisions","Person","245"
"2009Q2","Latvia","Total","Total","Total","Total positive decisions","Person","0"
"2009Q2","Lithuania","Total","Total","Total","Total positive decisions","Person","5"
"2009Q2","Luxembourg","Total","Total","Total","Total positive decisions","Person","15"
"2009Q2","Hungary","Total","Total","Total","Total positive decisions","Person","105"
"2009Q2","Malta","Total","Total","Total","Total positive decisions","Person","365"
"2009Q2","Netherlands","Total","Total","Total","Total positive decisions","Person","1,725"
"2009Q2","Austria","Total","Total","Total","Total positive decisions","Person","835"
"2009Q2","Poland","Total","Total","Total","Total positive decisions","Person","845"
"2009Q2","Portugal","Total","Total","Total","Total positive decisions","Person","20"
"2009Q2","Romania","Total","Total","Total","Total positive decisions","Person","30"
"2009Q2","Slovenia","Total","Total","Total","Total positive decisions","Person","0"
"2009Q2","Slovakia","Total","Total","Total","Total positive decisions","Person","85"
"2009Q2","Finland","Total","Total","Total","Total positive decisions","Person","260"
"2009Q2","Sweden","Total","Total","Total","Total positive decisions","Person","1,565"
"2009Q2","United Kingdom","Total","Total","Total","Total positive decisions","Person","2,035"
"2009Q2","Norway","Total","Total","Total","Total positive decisions","Person","1,290"
"2009Q3","Belgium","Total","Total","Total","Total positive decisions","Person","655"
"2009Q3","Bulgaria","Total","Total","Total","Total positive decisions","Person","85"
"2009Q3","Czech Republic","Total","Total","Total","Total positive decisions","Person","10"
"2009Q3","Denmark","Total","Total","Total","Total positive decisions","Person","195"
"2009Q3","Germany (until 1990 former territory of the FRG)","Total","Total","Total","Total positive decisions","Person","2,625"
"2009Q3","Estonia","Total","Total","Total","Total positive decisions","Person","0"
"2009Q3","Ireland","Total","Total","Total","Total positive decisions","Person","25"
"2009Q3","Greece","Total","Total","Total","Total positive decisions","Person","40"
"2009Q3","Spain","Total","Total","Total","Total positive decisions","Person","105"
"2009Q3","France","Total","Total","Total","Total positive decisions","Person","1,390"
"2009Q3","Italy","Total","Total","Total","Total positive decisions","Person","1,600"
"2009Q3","Cyprus","Total","Total","Total","Total positive decisions","Person","515"
"2009Q3","Latvia","Total","Total","Total","Total positive decisions","Person","0"
"2009Q3","Lithuania","Total","Total","Total","Total positive decisions","Person","5"
"2009Q3","Luxembourg","Total","Total","Total","Total positive decisions","Person","25"
"2009Q3","Hungary","Total","Total","Total","Total positive decisions","Person","80"
"2009Q3","Malta","Total","Total","Total","Total positive decisions","Person","235"
"2009Q3","Netherlands","Total","Total","Total","Total positive decisions","Person","2,850"
"2009Q3","Austria","Total","Total","Total","Total positive decisions","Person","815"
"2009Q3","Poland","Total","Total","Total","Total positive decisions","Person","465"
"2009Q3","Portugal","Total","Total","Total","Total positive decisions","Person","0"
"2009Q3","Romania","Total","Total","Total","Total positive decisions","Person","25"
"2009Q3","Slovenia","Total","Total","Total","Total positive decisions","Person","0"
"2009Q3","Slovakia","Total","Total","Total","Total positive decisions","Person","25"
"2009Q3","Finland","Total","Total","Total","Total positive decisions","Person","140"
"2009Q3","Sweden","Total","Total","Total","Total positive decisions","Person","1,565"
"2009Q3","United Kingdom","Total","Total","Total","Total positive decisions","Person","1,920"
"2009Q3","Norway","Total","Total","Total","Total positive decisions","Person","950"
"2009Q4","Belgium","Total","Total","Total","Total positive decisions","Person","870"
"2009Q4","Bulgaria","Total","Total","Total","Total positive decisions","Person","65"
"2009Q4","Czech Republic","Total","Total","Total","Total positive decisions","Person","20"
"2009Q4","Denmark","Total","Total","Total","Total positive decisions","Person","375"
"2009Q4","Germany (until 1990 former territory of the FRG)","Total","Total","Total","Total positive decisions","Person","2,085"
"2009Q4","Estonia","Total","Total","Total","Total positive decisions","Person","0"
"2009Q4","Ireland","Total","Total","Total","Total positive decisions","Person","30"
"2009Q4","Greece","Total","Total","Total","Total positive decisions","Person","25"
"2009Q4","Spain","Total","Total","Total","Total positive decisions","Person","95"
"2009Q4","France","Total","Total","Total","Total positive decisions","Person","1,290"
"2009Q4","Italy","Total","Total","Total","Total positive decisions","Person","1,895"
"2009Q4","Cyprus","Total","Total","Total","Total positive decisions","Person","300"
"2009Q4","Latvia","Total","Total","Total","Total positive decisions","Person","5"
"2009Q4","Lithuania","Total","Total","Total","Total positive decisions","Person","0"
"2009Q4","Luxembourg","Total","Total","Total","Total positive decisions","Person","40"
"2009Q4","Hungary","Total","Total","Total","Total positive decisions","Person","115"
"2009Q4","Malta","Total","Total","Total","Total positive decisions","Person","565"
"2009Q4","Netherlands","Total","Total","Total","Total positive decisions","Person","1,990"
"2009Q4","Austria","Total","Total","Total","Total positive decisions","Person","825"
"2009Q4","Poland","Total","Total","Total","Total positive decisions","Person","115"
"2009Q4","Portugal","Total","Total","Total","Total positive decisions","Person","5"
"2009Q4","Romania","Total","Total","Total","Total positive decisions","Person","20"
"2009Q4","Slovenia","Total","Total","Total","Total positive decisions","Person","15"
"2009Q4","Slovakia","Total","Total","Total","Total positive decisions","Person","30"
"2009Q4","Finland","Total","Total","Total","Total positive decisions","Person","400"
"2009Q4","Sweden","Total","Total","Total","Total positive decisions","Person","2,495"
"2009Q4","United Kingdom","Total","Total","Total","Total positive decisions","Person","1,815"
"2009Q4","Norway","Total","Total","Total","Total positive decisions","Person","980"
"2010Q1","Belgium","Total","Total","Total","Total positive decisions","Person","875"
"2010Q1","Bulgaria","Total","Total","Total","Total positive decisions","Person","35"
"2010Q1","Czech Republic","Total","Total","Total","Total positive decisions","Person","25"
"2010Q1","Denmark","Total","Total","Total","Total positive decisions","Person","240"
"2010Q1","Germany (until 1990 former territory of the FRG)","Total","Total","Total","Total positive decisions","Person","2,270"
"2010Q1","Estonia","Total","Total","Total","Total positive decisions","Person","0"
"2010Q1","Ireland","Total","Total","Total","Total positive decisions","Person","15"
"2010Q1","Greece","Total","Total","Total","Total positive decisions","Person","40"
"2010Q1","Spain","Total","Total","Total","Total positive decisions","Person","100"
"2010Q1","France","Total","Total","Total","Total positive decisions","Person","1,415"
"2010Q1","Italy","Total","Total","Total","Total positive decisions","Person","1,425"
"2010Q1","Cyprus","Total","Total","Total","Total positive decisions","Person","260"
"2010Q1","Latvia","Total","Total","Total","Total positive decisions","Person","5"
"2010Q1","Lithuania","Total","Total","Total","Total positive decisions","Person","0"
"2010Q1","Luxembourg","Total","Total","Total","Total positive decisions","Person","25"
"2010Q1","Hungary","Total","Total","Total","Total positive decisions","Person","75"
"2010Q1","Malta","Total","Total","Total","Total positive decisions","Person","135"
"2010Q1","Netherlands","Total","Total","Total","Total positive decisions","Person","1,815"
"2010Q1","Austria","Total","Total","Total","Total positive decisions","Person","785"
"2010Q1","Poland","Total","Total","Total","Total positive decisions","Person","130"
"2010Q1","Portugal","Total","Total","Total","Total positive decisions","Person","15"
"2010Q1","Romania","Total","Total","Total","Total positive decisions","Person","15"
"2010Q1","Slovenia","Total","Total","Total","Total positive decisions","Person","0"
"2010Q1","Slovakia","Total","Total","Total","Total positive decisions","Person","30"
"2010Q1","Finland","Total","Total","Total","Total positive decisions","Person","485"
"2010Q1","Sweden","Total","Total","Total","Total positive decisions","Person","2,080"
"2010Q1","United Kingdom","Total","Total","Total","Total positive decisions","Person","1,635"
"2010Q1","Norway","Total","Total","Total","Total positive decisions","Person","1,190"
"2010Q2","Belgium","Total","Total","Total","Total positive decisions","Person","660"
"2010Q2","Bulgaria","Total","Total","Total","Total positive decisions","Person","35"
"2010Q2","Czech Republic","Total","Total","Total","Total positive decisions","Person","50"
"2010Q2","Denmark","Total","Total","Total","Total positive decisions","Person","430"
"2010Q2","Germany (until 1990 former territory of the FRG)","Total","Total","Total","Total positive decisions","Person","2,860"
"2010Q2","Estonia","Total","Total","Total","Total positive decisions","Person","5"
"2010Q2","Ireland","Total","Total","Total","Total positive decisions","Person","0"
"2010Q2","Greece","Total","Total","Total","Total positive decisions","Person","20"
"2010Q2","Spain","Total","Total","Total","Total positive decisions","Person","90"
"2010Q2","France","Total","Total","Total","Total positive decisions","Person","1,255"
"2010Q2","Italy","Total","Total","Total","Total positive decisions","Person","1,010"
"2010Q2","Cyprus","Total","Total","Total","Total positive decisions","Person","130"
"2010Q2","Latvia","Total","Total","Total","Total positive decisions","Person","10"
"2010Q2","Lithuania","Total","Total","Total","Total positive decisions","Person","10"
"2010Q2","Luxembourg","Total","Total","Total","Total positive decisions","Person","10"
"2010Q2","Hungary","Total","Total","Total","Total positive decisions","Person","60"
"2010Q2","Malta","Total","Total","Total","Total positive decisions","Person","25"
"2010Q2","Netherlands","Total","Total","Total","Total positive decisions","Person","2,010"
"2010Q2","Austria","Total","Total","Total","Total positive decisions","Person","860"
"2010Q2","Poland","Total","Total","Total","Total positive decisions","Person","140"
"2010Q2","Portugal","Total","Total","Total","Total positive decisions","Person","10"
"2010Q2","Romania","Total","Total","Total","Total positive decisions","Person","5"
"2010Q2","Slovenia","Total","Total","Total","Total positive decisions","Person","10"
"2010Q2","Slovakia","Total","Total","Total","Total positive decisions","Person","15"
"2010Q2","Finland","Total","Total","Total","Total positive decisions","Person","450"
"2010Q2","Sweden","Total","Total","Total","Total positive decisions","Person","2,145"
"2010Q2","United Kingdom","Total","Total","Total","Total positive decisions","Person","1,585"
"2010Q2","Norway","Total","Total","Total","Total positive decisions","Person","1,475"
"2010Q3","Belgium","Total","Total","Total","Total positive decisions","Person","925"
"2010Q3","Bulgaria","Total","Total","Total","Total positive decisions","Person","40"
"2010Q3","Czech Republic","Total","Total","Total","Total positive decisions","Person","35"
"2010Q3","Denmark","Total","Total","Total","Total positive decisions","Person","355"
"2010Q3","Germany (until 1990 former territory of the FRG)","Total","Total","Total","Total positive decisions","Person","3,145"
"2010Q3","Estonia","Total","Total","Total","Total positive decisions","Person","5"
"2010Q3","Ireland","Total","Total","Total","Total positive decisions","Person","5"
"2010Q3","Greece","Total","Total","Total","Total positive decisions","Person","20"
"2010Q3","Spain","Total","Total","Total","Total positive decisions","Person","215"
"2010Q3","France","Total","Total","Total","Total positive decisions","Person","1,160"
"2010Q3","Italy","Total","Total","Total","Total positive decisions","Person","890"
"2010Q3","Cyprus","Total","Total","Total","Total positive decisions","Person","10"
"2010Q3","Latvia","Total","Total","Total","Total positive decisions","Person","0"
"2010Q3","Lithuania","Total","Total","Total","Total positive decisions","Person","5"
"2010Q3","Luxembourg","Total","Total","Total","Total positive decisions","Person","15"
"2010Q3","Hungary","Total","Total","Total","Total positive decisions","Person","70"
"2010Q3","Malta","Total","Total","Total","Total positive decisions","Person","45"
"2010Q3","Netherlands","Total","Total","Total","Total positive decisions","Person","2,040"
"2010Q3","Austria","Total","Total","Total","Total positive decisions","Person","935"
"2010Q3","Poland","Total","Total","Total","Total positive decisions","Person","120"
"2010Q3","Portugal","Total","Total","Total","Total positive decisions","Person","10"
"2010Q3","Romania","Total","Total","Total","Total positive decisions","Person","10"
"2010Q3","Slovenia","Total","Total","Total","Total positive decisions","Person","0"
"2010Q3","Slovakia","Total","Total","Total","Total positive decisions","Person","15"
"2010Q3","Finland","Total","Total","Total","Total positive decisions","Person","390"
"2010Q3","Sweden","Total","Total","Total","Total positive decisions","Person","2,225"
"2010Q3","United Kingdom","Total","Total","Total","Total positive decisions","Person","1,585"
"2010Q3","Norway","Total","Total","Total","Total positive decisions","Person","1,325"
"2010Q4","Belgium","Total","Total","Total","Total positive decisions","Person","1,050"
"2010Q4","Bulgaria","Total","Total","Total","Total positive decisions","Person","25"
"2010Q4","Czech Republic","Total","Total","Total","Total positive decisions","Person","60"
"2010Q4","Denmark","Total","Total","Total","Total positive decisions","Person","325"
"2010Q4","Germany (until 1990 former territory of the FRG)","Total","Total","Total","Total positive decisions","Person","2,170"
"2010Q4","Estonia","Total","Total","Total","Total positive decisions","Person","5"
"2010Q4","Ireland","Total","Total","Total","Total positive decisions","Person","5"
"2010Q4","Greece","Total","Total","Total","Total positive decisions","Person","30"
"2010Q4","Spain","Total","Total","Total","Total positive decisions","Person","205"
"2010Q4","France","Total","Total","Total","Total positive decisions","Person","1,270"
"2010Q4","Italy","Total","Total","Total","Total positive decisions","Person","980"
"2010Q4","Cyprus","Total","Total","Total","Total positive decisions","Person","20"
"2010Q4","Latvia","Total","Total","Total","Total positive decisions","Person","5"
"2010Q4","Lithuania","Total","Total","Total","Total positive decisions","Person","5"
"2010Q4","Luxembourg","Total","Total","Total","Total positive decisions","Person","15"
"2010Q4","Hungary","Total","Total","Total","Total positive decisions","Person","50"
"2010Q4","Malta","Total","Total","Total","Total positive decisions","Person","15"
"2010Q4","Netherlands","Total","Total","Total","Total positive decisions","Person","2,135"
"2010Q4","Austria","Total","Total","Total","Total positive decisions","Person","870"
"2010Q4","Poland","Total","Total","Total","Total positive decisions","Person","115"
"2010Q4","Portugal","Total","Total","Total","Total positive decisions","Person","25"
"2010Q4","Romania","Total","Total","Total","Total positive decisions","Person","40"
"2010Q4","Slovenia","Total","Total","Total","Total positive decisions","Person","10"
"2010Q4","Slovakia","Total","Total","Total","Total positive decisions","Person","30"
"2010Q4","Finland","Total","Total","Total","Total positive decisions","Person","265"
"2010Q4","Sweden","Total","Total","Total","Total positive decisions","Person","2,060"
"2010Q4","United Kingdom","Total","Total","Total","Total positive decisions","Person","1,685"
"2010Q4","Norway","Total","Total","Total","Total positive decisions","Person","1,310"
"2011Q1","Belgium","Total","Total","Total","Total positive decisions","Person","1,080"
"2011Q1","Bulgaria","Total","Total","Total","Total positive decisions","Person","35"
"2011Q1","Czech Republic","Total","Total","Total","Total positive decisions","Person","125"
"2011Q1","Denmark","Total","Total","Total","Total positive decisions","Person","275"
"2011Q1","Germany (until 1990 former territory of the FRG)","Total","Total","Total","Total positive decisions","Person","2,520"
"2011Q1","Estonia","Total","Total","Total","Total positive decisions","Person","0"
"2011Q1","Ireland","Total","Total","Total","Total positive decisions","Person","15"
"2011Q1","Greece","Total","Total","Total","Total positive decisions","Person","75"
"2011Q1","Spain","Total","Total","Total","Total positive decisions","Person","180"
"2011Q1","France","Total","Total","Total","Total positive decisions","Person","1,105"
"2011Q1","Italy","Total","Total","Total","Total positive decisions","Person","1,125"
"2011Q1","Cyprus","Total","Total","Total","Total positive decisions","Person","10"
"2011Q1","Latvia","Total","Total","Total","Total positive decisions","Person","5"
"2011Q1","Lithuania","Total","Total","Total","Total positive decisions","Person","5"
"2011Q1","Luxembourg","Total","Total","Total","Total positive decisions","Person","10"
"2011Q1","Hungary","Total","Total","Total","Total positive decisions","Person","35"
"2011Q1","Malta","Total","Total","Total","Total positive decisions","Person","15"
"2011Q1","Netherlands","Total","Total","Total","Total positive decisions","Person","1,855"
"2011Q1","Austria","Total","Total","Total","Total positive decisions","Person","1,035"
"2011Q1","Poland","Total","Total","Total","Total positive decisions","Person","105"
"2011Q1","Portugal","Total","Total","Total","Total positive decisions","Person","25"
"2011Q1","Romania","Total","Total","Total","Total positive decisions","Person","25"
"2011Q1","Slovenia","Total","Total","Total","Total positive decisions","Person","5"
"2011Q1","Slovakia","Total","Total","Total","Total positive decisions","Person","25"
"2011Q1","Finland","Total","Total","Total","Total positive decisions","Person","275"
"2011Q1","Sweden","Total","Total","Total","Total positive decisions","Person","1,775"
"2011Q1","United Kingdom","Total","Total","Total","Total positive decisions","Person","1,815"
"2011Q1","Norway","Total","Total","Total","Total positive decisions","Person","1,120"
"2011Q2","Belgium","Total","Total","Total","Total positive decisions","Person","1,125"
"2011Q2","Bulgaria","Total","Total","Total","Total positive decisions","Person","55"
"2011Q2","Czech Republic","Total","Total","Total","Total positive decisions","Person","75"
"2011Q2","Denmark","Total","Total","Total","Total positive decisions","Person","335"
"2011Q2","Germany (until 1990 former territory of the FRG)","Total","Total","Total","Total positive decisions","Person","2,390"
"2011Q2","Estonia","Total","Total","Total","Total positive decisions","Person","0"
"2011Q2","Ireland","Total","Total","Total","Total positive decisions","Person","25"
"2011Q2","Greece","Total","Total","Total","Total positive decisions","Person","55"
"2011Q2","Spain","Total","Total","Total","Total positive decisions","Person","145"
"2011Q2","France","Total","Total","Total","Total positive decisions","Person","1,195"
"2011Q2","Italy","Total","Total","Total","Total positive decisions","Person","1,620"
"2011Q2","Cyprus","Total","Total","Total","Total positive decisions","Person","25"
"2011Q2","Latvia","Total","Total","Total","Total positive decisions","Person","5"
"2011Q2","Lithuania","Total","Total","Total","Total positive decisions","Person","0"
"2011Q2","Luxembourg","Total","Total","Total","Total positive decisions","Person","10"
"2011Q2","Hungary","Total","Total","Total","Total positive decisions","Person","45"
"2011Q2","Malta","Total","Total","Total","Total positive decisions","Person","470"
"2011Q2","Netherlands","Total","Total","Total","Total positive decisions","Person","1,750"
"2011Q2","Austria","Total","Total","Total","Total positive decisions","Person","905"
"2011Q2","Poland","Total","Total","Total","Total positive decisions","Person","140"
"2011Q2","Portugal","Total","Total","Total","Total positive decisions","Person","10"
"2011Q2","Romania","Total","Total","Total","Total positive decisions","Person","15"
"2011Q2","Slovenia","Total","Total","Total","Total positive decisions","Person","5"
"2011Q2","Slovakia","Total","Total","Total","Total positive decisions","Person","30"
"2011Q2","Finland","Total","Total","Total","Total positive decisions","Person","220"
"2011Q2","Sweden","Total","Total","Total","Total positive decisions","Person","2,165"
"2011Q2","United Kingdom","Total","Total","Total","Total positive decisions","Person","1,605"
"2011Q2","Norway","Total","Total","Total","Total positive decisions","Person","935"
"2011Q3","Belgium","Total","Total","Total","Total positive decisions","Person","1,400"
"2011Q3","Bulgaria","Total","Total","Total","Total positive decisions","Person","45"
"2011Q3","Czech Republic","Total","Total","Total","Total positive decisions","Person","65"
"2011Q3","Denmark","Total","Total","Total","Total positive decisions","Person","355"
"2011Q3","Germany (until 1990 former territory of the FRG)","Total","Total","Total","Total positive decisions","Person","2,500"
"2011Q3","Estonia","Total","Total","Total","Total positive decisions","Person","5"
"2011Q3","Ireland","Total","Total","Total","Total positive decisions","Person","10"
"2011Q3","Greece","Total","Total","Total","Total positive decisions","Person","35"
"2011Q3","Spain","Total","Total","Total","Total positive decisions","Person","345"
"2011Q3","France","Total","Total","Total","Total positive decisions","Person","1,075"
"2011Q3","Italy","Total","Total","Total","Total positive decisions","Person","2,125"
"2011Q3","Cyprus","Total","Total","Total","Total positive decisions","Person","25"
"2011Q3","Latvia","Total","Total","Total","Total positive decisions","Person","0"
"2011Q3","Lithuania","Total","Total","Total","Total positive decisions","Person","10"
"2011Q3","Luxembourg","Total","Total","Total","Total positive decisions","Person","5"
"2011Q3","Hungary","Total","Total","Total","Total positive decisions","Person","30"
"2011Q3","Malta","Total","Total","Total","Total positive decisions","Person","240"
"2011Q3","Netherlands","Total","Total","Total","Total positive decisions","Person","1,475"
"2011Q3","Austria","Total","Total","Total","Total positive decisions","Person","1,080"
"2011Q3","Poland","Total","Total","Total","Total positive decisions","Person","125"
"2011Q3","Portugal","Total","Total","Total","Total positive decisions","Person","10"
"2011Q3","Romania","Total","Total","Total","Total positive decisions","Person","30"
"2011Q3","Slovenia","Total","Total","Total","Total positive decisions","Person","10"
"2011Q3","Slovakia","Total","Total","Total","Total positive decisions","Person","25"
"2011Q3","Finland","Total","Total","Total","Total positive decisions","Person","210"
"2011Q3","Sweden","Total","Total","Total","Total positive decisions","Person","2,160"
"2011Q3","United Kingdom","Total","Total","Total","Total positive decisions","Person","1,945"
"2011Q3","Norway","Total","Total","Total","Total positive decisions","Person","755"
"2011Q4","Belgium","Total","Total","Total","Total positive decisions","Person","1,470"
"2011Q4","Bulgaria","Total","Total","Total","Total positive decisions","Person","55"
"2011Q4","Czech Republic","Total","Total","Total","Total positive decisions","Person","55"
"2011Q4","Denmark","Total","Total","Total","Total positive decisions","Person","350"
"2011Q4","Germany (until 1990 former territory of the FRG)","Total","Total","Total","Total positive decisions","Person","2,265"
"2011Q4","Estonia","Total","Total","Total","Total positive decisions","Person","0"
"2011Q4","Ireland","Total","Total","Total","Total positive decisions","Person","20"
"2011Q4","Greece","Total","Total","Total","Total positive decisions","Person","15"
"2011Q4","Spain","Total","Total","Total","Total positive decisions","Person","315"
"2011Q4","France","Total","Total","Total","Total positive decisions","Person","1,245"
"2011Q4","Italy","Total","Total","Total","Total positive decisions","Person","2,290"
"2011Q4","Cyprus","Total","Total","Total","Total positive decisions","Person","5"
"2011Q4","Latvia","Total","Total","Total","Total positive decisions","Person","5"
"2011Q4","Lithuania","Total","Total","Total","Total positive decisions","Person","5"
"2011Q4","Luxembourg","Total","Total","Total","Total positive decisions","Person","10"
"2011Q4","Hungary","Total","Total","Total","Total positive decisions","Person","45"
"2011Q4","Malta","Total","Total","Total","Total positive decisions","Person","160"
"2011Q4","Netherlands","Total","Total","Total","Total positive decisions","Person","1,745"
"2011Q4","Austria","Total","Total","Total","Total positive decisions","Person","1,065"
"2011Q4","Poland","Total","Total","Total","Total positive decisions","Person","110"
"2011Q4","Portugal","Total","Total","Total","Total positive decisions","Person","20"
"2011Q4","Romania","Total","Total","Total","Total positive decisions","Person","10"
"2011Q4","Slovenia","Total","Total","Total","Total positive decisions","Person","5"
"2011Q4","Slovakia","Total","Total","Total","Total positive decisions","Person","40"
"2011Q4","Finland","Total","Total","Total","Total positive decisions","Person","355"
"2011Q4","Sweden","Total","Total","Total","Total positive decisions","Person","2,695"
"2011Q4","United Kingdom","Total","Total","Total","Total positive decisions","Person","1,875"
"2011Q4","Norway","Total","Total","Total","Total positive decisions","Person","1,205"
"2012Q1","Belgium","Total","Total","Total","Total positive decisions","Person","1,085"
"2012Q1","Bulgaria","Total","Total","Total","Total positive decisions","Person","40"
"2012Q1","Czech Republic","Total","Total","Total","Total positive decisions","Person","60"
"2012Q1","Denmark","Total","Total","Total","Total positive decisions","Person","370"
"2012Q1","Germany (until 1990 former territory of the FRG)","Total","Total","Total","Total positive decisions","Person","2,470"
"2012Q1","Estonia","Total","Total","Total","Total positive decisions","Person","5"
"2012Q1","Ireland","Total","Total","Total","Total positive decisions","Person","15"
"2012Q1","Greece","Total","Total","Total","Total positive decisions","Person","15"
"2012Q1","Spain","Total","Total","Total","Total positive decisions","Person","110"
"2012Q1","France","Total","Total","Total","Total positive decisions","Person","2,045"
"2012Q1","Italy","Total","Total","Total","Total positive decisions","Person","3,160"
"2012Q1","Cyprus","Total","Total","Total","Total positive decisions","Person","50"
"2012Q1","Latvia","Total","Total","Total","Total positive decisions","Person","10"
"2012Q1","Lithuania","Total","Total","Total","Total positive decisions","Person","10"
"2012Q1","Luxembourg","Total","Total","Total","Total positive decisions","Person","15"
"2012Q1","Hungary","Total","Total","Total","Total positive decisions","Person","90"
"2012Q1","Malta","Total","Total","Total","Total positive decisions","Person","230"
"2012Q1","Netherlands","Total","Total","Total","Total positive decisions","Person","1,400"
"2012Q1","Austria","Total","Total","Total","Total positive decisions","Person","1,085"
"2012Q1","Poland","Total","Total","Total","Total positive decisions","Person","180"
"2012Q1","Portugal","Total","Total","Total","Total positive decisions","Person","25"
"2012Q1","Romania","Total","Total","Total","Total positive decisions","Person","10"
"2012Q1","Slovenia","Total","Total","Total","Total positive decisions","Person","5"
"2012Q1","Slovakia","Total","Total","Total","Total positive decisions","Person","45"
"2012Q1","Finland","Total","Total","Total","Total positive decisions","Person","265"
"2012Q1","Sweden","Total","Total","Total","Total positive decisions","Person","2,135"
"2012Q1","United Kingdom","Total","Total","Total","Total positive decisions","Person","2,045"
"2012Q1","Norway","Total","Total","Total","Total positive decisions","Person","1,575"
"2012Q2","Belgium","Total","Total","Total","Total positive decisions","Person","1,310"
"2012Q2","Bulgaria","Total","Total","Total","Total positive decisions","Person","65"
"2012Q2","Czech Republic","Total","Total","Total","Total positive decisions","Person","40"
"2012Q2","Denmark","Total","Total","Total","Total positive decisions","Person","335"
"2012Q2","Germany (until 1990 former territory of the FRG)","Total","Total","Total","Total positive decisions","Person","5,995"
"2012Q2","Estonia","Total","Total","Total","Total positive decisions","Person","0"
"2012Q2","Ireland","Total","Total","Total","Total positive decisions","Person","20"
"2012Q2","Greece","Total","Total","Total","Total positive decisions","Person","15"
"2012Q2","Spain","Total","Total","Total","Total positive decisions","Person","115"
"2012Q2","France","Total","Total","Total","Total positive decisions","Person","2,195"
"2012Q2","Italy","Total","Total","Total","Total positive decisions","Person","3,320"
"2012Q2","Cyprus","Total","Total","Total","Total positive decisions","Person","15"
"2012Q2","Latvia","Total","Total","Total","Total positive decisions","Person","5"
"2012Q2","Lithuania","Total","Total","Total","Total positive decisions","Person","15"
"2012Q2","Luxembourg","Total","Total","Total","Total positive decisions","Person","10"
"2012Q2","Hungary","Total","Total","Total","Total positive decisions","Person","100"
"2012Q2","Malta","Total","Total","Total","Total positive decisions","Person","90"
"2012Q2","Netherlands","Total","Total","Total","Total positive decisions","Person","990"
"2012Q2","Austria","Total","Total","Total","Total positive decisions","Person","1,035"
"2012Q2","Poland","Total","Total","Total","Total positive decisions","Person","95"
"2012Q2","Portugal","Total","Total","Total","Total positive decisions","Person","25"
"2012Q2","Romania","Total","Total","Total","Total positive decisions","Person","55"
"2012Q2","Slovenia","Total","Total","Total","Total positive decisions","Person","10"
"2012Q2","Slovakia","Total","Total","Total","Total positive decisions","Person","10"
"2012Q2","Finland","Total","Total","Total","Total positive decisions","Person","395"
"2012Q2","Sweden","Total","Total","Total","Total positive decisions","Person","2,300"
"2012Q2","United Kingdom","Total","Total","Total","Total positive decisions","Person","1,750"
"2012Q2","Norway","Total","Total","Total","Total positive decisions","Person","910"
"2012Q3","Belgium","Total","Total","Total","Total positive decisions","Person","1,325"
"2012Q3","Bulgaria","Total","Total","Total","Total positive decisions","Person","40"
"2012Q3","Czech Republic","Total","Total","Total","Total positive decisions","Person","35"
"2012Q3","Denmark","Total","Total","Total","Total positive decisions","Person","365"
"2012Q3","Germany (until 1990 former territory of the FRG)","Total","Total","Total","Total positive decisions","Person","4,565"
"2012Q3","Estonia","Total","Total","Total","Total positive decisions","Person","5"
"2012Q3","Ireland","Total","Total","Total","Total positive decisions","Person","25"
"2012Q3","Greece","Total","Total","Total","Total positive decisions","Person","0"
"2012Q3","Spain","Total","Total","Total","Total positive decisions","Person","150"
"2012Q3","France","Total","Total","Total","Total positive decisions","Person","1,840"
"2012Q3","Italy","Total","Total","Total","Total positive decisions","Person","2,185"
"2012Q3","Cyprus","Total","Total","Total","Total positive decisions","Person","30"
"2012Q3","Latvia","Total","Total","Total","Total positive decisions","Person","5"
"2012Q3","Lithuania","Total","Total","Total","Total positive decisions","Person","15"
"2012Q3","Luxembourg","Total","Total","Total","Total positive decisions","Person","0"
"2012Q3","Hungary","Total","Total","Total","Total positive decisions","Person","80"
"2012Q3","Malta","Total","Total","Total","Total positive decisions","Person","475"
"2012Q3","Netherlands","Total","Total","Total","Total positive decisions","Person","1,465"
"2012Q3","Austria","Total","Total","Total","Total positive decisions","Person","1,120"
"2012Q3","Poland","Total","Total","Total","Total positive decisions","Person","125"
"2012Q3","Portugal","Total","Total","Total","Total positive decisions","Person","10"
"2012Q3","Romania","Total","Total","Total","Total positive decisions","Person","65"
"2012Q3","Slovenia","Total","Total","Total","Total positive decisions","Person","5"
"2012Q3","Slovakia","Total","Total","Total","Total positive decisions","Person","50"
"2012Q3","Finland","Total","Total","Total","Total positive decisions","Person","390"
"2012Q3","Sweden","Total","Total","Total","Total positive decisions","Person","2,920"
"2012Q3","United Kingdom","Total","Total","Total","Total positive decisions","Person","2,045"
"2012Q3","Norway","Total","Total","Total","Total positive decisions","Person","1,165"
"2012Q4","Belgium","Total","Total","Total","Total positive decisions","Person","1,830"
"2012Q4","Bulgaria","Total","Total","Total","Total positive decisions","Person","30"
"2012Q4","Czech Republic","Total","Total","Total","Total positive decisions","Person","40"
"2012Q4","Denmark","Total","Total","Total","Total positive decisions","Person","630"
"2012Q4","Germany (until 1990 former territory of the FRG)","Total","Total","Total","Total positive decisions","Person","4,115"
"2012Q4","Estonia","Total","Total","Total","Total positive decisions","Person","0"
"2012Q4","Ireland","Total","Total","Total","Total positive decisions","Person","40"
"2012Q4","Greece","Total","Total","Total","Total positive decisions","Person","65"
"2012Q4","Spain","Total","Total","Total","Total positive decisions","Person","150"
"2012Q4","France","Total","Total","Total","Total positive decisions","Person","2,560"
"2012Q4","Italy","Total","Total","Total","Total positive decisions","Person","13,365"
"2012Q4","Cyprus","Total","Total","Total","Total positive decisions","Person","15"
"2012Q4","Latvia","Total","Total","Total","Total positive decisions","Person","5"
"2012Q4","Lithuania","Total","Total","Total","Total positive decisions","Person","15"
"2012Q4","Luxembourg","Total","Total","Total","Total positive decisions","Person","15"
"2012Q4","Hungary","Total","Total","Total","Total positive decisions","Person","80"
"2012Q4","Malta","Total","Total","Total","Total positive decisions","Person","640"
"2012Q4","Netherlands","Total","Total","Total","Total positive decisions","Person","1,650"
"2012Q4","Austria","Total","Total","Total","Total positive decisions","Person","1,215"
"2012Q4","Poland","Total","Total","Total","Total positive decisions","Person","120"
"2012Q4","Portugal","Total","Total","Total","Total positive decisions","Person","35"
"2012Q4","Romania","Total","Total","Total","Total positive decisions","Person","100"
"2012Q4","Slovenia","Total","Total","Total","Total positive decisions","Person","10"
"2012Q4","Slovakia","Total","Total","Total","Total positive decisions","Person","85"
"2012Q4","Finland","Total","Total","Total","Total positive decisions","Person","510"
"2012Q4","Sweden","Total","Total","Total","Total positive decisions","Person","5,040"
"2012Q4","United Kingdom","Total","Total","Total","Total positive decisions","Person","2,010"
"2012Q4","Norway","Total","Total","Total","Total positive decisions","Person","1,525"
"2013Q1","Belgium","Total","Total","Total","Total positive decisions","Person","1,650"
"2013Q1","Bulgaria","Total","Total","Total","Total positive decisions","Person","165"
"2013Q1","Czech Republic","Total","Total","Total","Total positive decisions","Person","55"
"2013Q1","Denmark","Total","Total","Total","Total positive decisions","Person","485"
"2013Q1","Germany (until 1990 former territory of the FRG)","Total","Total","Total","Total positive decisions","Person","4,900"
"2013Q1","Estonia","Total","Total","Total","Total positive decisions","Person","0"
"2013Q1","Ireland","Total","Total","Total","Total positive decisions","Person","30"
"2013Q1","Greece","Total","Total","Total","Total positive decisions","Person","70"
"2013Q1","Spain","Total","Total","Total","Total positive decisions","Person","105"
"2013Q1","France","Total","Total","Total","Total positive decisions","Person","2,105"
"2013Q1","Italy","Total","Total","Total","Total positive decisions","Person","4,490"
"2013Q1","Cyprus","Total","Total","Total","Total positive decisions","Person","0"
"2013Q1","Latvia","Total","Total","Total","Total positive decisions","Person","10"
"2013Q1","Lithuania","Total","Total","Total","Total positive decisions","Person","10"
"2013Q1","Luxembourg","Total","Total","Total","Total positive decisions","Person","20"
"2013Q1","Hungary","Total","Total","Total","Total positive decisions","Person","65"
"2013Q1","Malta","Total","Total","Total","Total positive decisions","Person","470"
"2013Q1","Netherlands","Total","Total","Total","Total positive decisions","Person","1,305"
"2013Q1","Austria","Total","Total","Total","Total positive decisions","Person","1,185"
"2013Q1","Poland","Total","Total","Total","Total positive decisions","Person","145"
"2013Q1","Portugal","Total","Total","Total","Total positive decisions","Person","45"
"2013Q1","Romania","Total","Total","Total","Total positive decisions","Person","165"
"2013Q1","Slovenia","Total","Total","Total","Total positive decisions","Person","5"
"2013Q1","Slovakia","Total","Total","Total","Total positive decisions","Person","15"
"2013Q1","Finland","Total","Total","Total","Total positive decisions","Person","400"
"2013Q1","Sweden","Total","Total","Total","Total positive decisions","Person","4,520"
"2013Q1","United Kingdom","Total","Total","Total","Total positive decisions","Person","2,715"
"2013Q1","Norway","Total","Total","Total","Total positive decisions","Person","1,340"
"2013Q2","Belgium","Total","Total","Total","Total positive decisions","Person","1,540"
"2013Q2","Bulgaria","Total","Total","Total","Total positive decisions","Person","240"
"2013Q2","Czech Republic","Total","Total","Total","Total positive decisions","Person","70"
"2013Q2","Denmark","Total","Total","Total","Total positive decisions","Person","480"
"2013Q2","Germany (until 1990 former territory of the FRG)","Total","Total","Total","Total positive decisions","Person","5,105"
"2013Q2","Estonia","Total","Total","Total","Total positive decisions","Person","0"
"2013Q2","Ireland","Total","Total","Total","Total positive decisions","Person","60"
"2013Q2","Greece","Total","Total","Total","Total positive decisions","Person","30"
"2013Q2","Spain","Total","Total","Total","Total positive decisions","Person","140"
"2013Q2","France","Total","Total","Total","Total positive decisions","Person","2,945"
"2013Q2","Italy","Total","Total","Total","Total positive decisions","Person","3,410"
"2013Q2","Cyprus","Total","Total","Total","Total positive decisions","Person","20"
"2013Q2","Latvia","Total","Total","Total","Total positive decisions","Person","10"
"2013Q2","Lithuania","Total","Total","Total","Total positive decisions","Person","15"
"2013Q2","Luxembourg","Total","Total","Total","Total positive decisions","Person","40"
"2013Q2","Hungary","Total","Total","Total","Total positive decisions","Person","85"
"2013Q2","Malta","Total","Total","Total","Total positive decisions","Person","270"
"2013Q2","Netherlands","Total","Total","Total","Total positive decisions","Person","1,155"
"2013Q2","Austria","Total","Total","Total","Total positive decisions","Person","1,250"
"2013Q2","Poland","Total","Total","Total","Total positive decisions","Person","225"
"2013Q2","Portugal","Total","Total","Total","Total positive decisions","Person","55"
"2013Q2","Romania","Total","Total","Total","Total positive decisions","Person","270"
"2013Q2","Slovenia","Total","Total","Total","Total positive decisions","Person","10"
"2013Q2","Slovakia","Total","Total","Total","Total positive decisions","Person","15"
"2013Q2","Finland","Total","Total","Total","Total positive decisions","Person","440"
"2013Q2","Sweden","Total","Total","Total","Total positive decisions","Person","5,635"
"2013Q2","United Kingdom","Total","Total","Total","Total positive decisions","Person","2,300"
"2013Q2","Norway","Total","Total","Total","Total positive decisions","Person","1,130"
"2013Q3","Belgium","Total","Total","Total","Total positive decisions","Person","1,630"
"2013Q3","Bulgaria","Total","Total","Total","Total positive decisions","Person","575"
"2013Q3","Czech Republic","Total","Total","Total","Total positive decisions","Person","90"
"2013Q3","Denmark","Total","Total","Total","Total positive decisions","Person","555"
"2013Q3","Germany (until 1990 former territory of the FRG)","Total","Total","Total","Total positive decisions","Person","5,125"
"2013Q3","Estonia","Total","Total","Total","Total positive decisions","Person","0"
"2013Q3","Ireland","Total","Total","Total","Total positive decisions","Person","35"
"2013Q3","Greece","Total","Total","Total","Total positive decisions","Person","55"
"2013Q3","Spain","Total","Total","Total","Total positive decisions","Person","90"
"2013Q3","France","Total","Total","Total","Total positive decisions","Person","2,530"
"2013Q3","Italy","Total","Total","Total","Total positive decisions","Person","3,010"
"2013Q3","Cyprus","Total","Total","Total","Total positive decisions","Person","65"
"2013Q3","Latvia","Total","Total","Total","Total positive decisions","Person","5"
"2013Q3","Lithuania","Total","Total","Total","Total positive decisions","Person","20"
"2013Q3","Luxembourg","Total","Total","Total","Total positive decisions","Person","45"
"2013Q3","Hungary","Total","Total","Total","Total positive decisions","Person","80"
"2013Q3","Malta","Total","Total","Total","Total positive decisions","Person","290"
"2013Q3","Netherlands","Total","Total","Total","Total positive decisions","Person","1,400"
"2013Q3","Austria","Total","Total","Total","Total positive decisions","Person","1,195"
"2013Q3","Poland","Total","Total","Total","Total positive decisions","Person","205"
"2013Q3","Portugal","Total","Total","Total","Total positive decisions","Person","30"
"2013Q3","Romania","Total","Total","Total","Total positive decisions","Person","240"
"2013Q3","Slovenia","Total","Total","Total","Total positive decisions","Person","15"
"2013Q3","Slovakia","Total","Total","Total","Total positive decisions","Person","20"
"2013Q3","Finland","Total","Total","Total","Total positive decisions","Person","420"
"2013Q3","Sweden","Total","Total","Total","Total positive decisions","Person","5,170"
"2013Q3","United Kingdom","Total","Total","Total","Total positive decisions","Person","2,005"
"2013Q3","Norway","Total","Total","Total","Total positive decisions","Person","1,265"
"2013Q4","Belgium","Total","Total","Total","Total positive decisions","Person","1,460"
"2013Q4","Bulgaria","Total","Total","Total","Total positive decisions","Person","1,475"
"2013Q4","Czech Republic","Total","Total","Total","Total positive decisions","Person","130"
"2013Q4","Denmark","Total","Total","Total","Total positive decisions","Person","1,290"
"2013Q4","Germany (until 1990 former territory of the FRG)","Total","Total","Total","Total positive decisions","Person","4,995"
"2013Q4","Estonia","Total","Total","Total","Total positive decisions","Person","5"
"2013Q4","Ireland","Total","Total","Total","Total positive decisions","Person","25"
"2013Q4","Greece","Total","Total","Total","Total positive decisions","Person","350"
"2013Q4","Spain","Total","Total","Total","Total positive decisions","Person","200"
"2013Q4","France","Total","Total","Total","Total positive decisions","Person","3,125"
"2013Q4","Italy","Total","Total","Total","Total positive decisions","Person","3,485"
"2013Q4","Cyprus","Total","Total","Total","Total positive decisions","Person","80"
"2013Q4","Latvia","Total","Total","Total","Total positive decisions","Person","5"
"2013Q4","Lithuania","Total","Total","Total","Total positive decisions","Person","5"
"2013Q4","Luxembourg","Total","Total","Total","Total positive decisions","Person","25"
"2013Q4","Hungary","Total","Total","Total","Total positive decisions","Person","130"
"2013Q4","Malta","Total","Total","Total","Total positive decisions","Person","580"
"2013Q4","Netherlands","Total","Total","Total","Total positive decisions","Person","2,110"
"2013Q4","Austria","Total","Total","Total","Total positive decisions","Person","1,290"
"2013Q4","Poland","Total","Total","Total","Total positive decisions","Person","110"
"2013Q4","Portugal","Total","Total","Total","Total positive decisions","Person","5"
"2013Q4","Romania","Total","Total","Total","Total positive decisions","Person","240"
"2013Q4","Slovenia","Total","Total","Total","Total positive decisions","Person","5"
"2013Q4","Slovakia","Total","Total","Total","Total positive decisions","Person","20"
"2013Q4","Finland","Total","Total","Total","Total positive decisions","Person","390"
"2013Q4","Sweden","Total","Total","Total","Total positive decisions","Person","8,690"
"2013Q4","United Kingdom","Total","Total","Total","Total positive decisions","Person","1,530"
"2013Q4","Norway","Total","Total","Total","Total positive decisions","Person","2,035"
"2014Q1","Belgium","Total","Total","Total","Total positive decisions","Person","1,660"
"2014Q1","Bulgaria","Total","Total","Total","Total positive decisions","Person","2,795"
"2014Q1","Czech Republic","Total","Total","Total","Total positive decisions","Person","50"
"2014Q1","Denmark","Total","Total","Total","Total positive decisions","Person","935"
"2014Q1","Germany (until 1990 former territory of the FRG)","Total","Total","Total","Total positive decisions","Person","8,045"
"2014Q1","Estonia","Total","Total","Total","Total positive decisions","Person","0"
"2014Q1","Ireland","Total","Total","Total","Total positive decisions","Person","70"
"2014Q1","Greece","Total","Total","Total","Total positive decisions","Person","340"
"2014Q1","Spain","Total","Total","Total","Total positive decisions","Person","165"
"2014Q1","France","Total","Total","Total","Total positive decisions","Person","3,380"
"2014Q1","Italy","Total","Total","Total","Total positive decisions","Person","4,670"
"2014Q1","Cyprus","Total","Total","Total","Total positive decisions","Person","145"
"2014Q1","Latvia","Total","Total","Total","Total positive decisions","Person","5"
"2014Q1","Lithuania","Total","Total","Total","Total positive decisions","Person","25"
"2014Q1","Luxembourg","Total","Total","Total","Total positive decisions","Person","30"
"2014Q1","Hungary","Total","Total","Total","Total positive decisions","Person","95"
"2014Q1","Malta","Total","Total","Total","Total positive decisions","Person","380"
"2014Q1","Netherlands","Total","Total","Total","Total positive decisions","Person","1,735"
"2014Q1","Austria","Total","Total","Total","Total positive decisions","Person","545"
"2014Q1","Poland","Total","Total","Total","Total positive decisions","Person","200"
"2014Q1","Portugal","Total","Total","Total","Total positive decisions","Person","10"
"2014Q1","Romania","Total","Total","Total","Total positive decisions","Person","180"
"2014Q1","Slovenia","Total","Total","Total","Total positive decisions","Person","5"
"2014Q1","Slovakia","Total","Total","Total","Total positive decisions","Person","50"
"2014Q1","Finland","Total","Total","Total","Total positive decisions","Person","305"
"2014Q1","Sweden","Total","Total","Total","Total positive decisions","Person","7,945"
"2014Q1","United Kingdom","Total","Total","Total","Total positive decisions","Person","1,350"
"2014Q1","Norway","Total","Total","Total","Total positive decisions","Person","1,400"
"2014Q2","Belgium","Total","Total","Total","Total positive decisions","Person","1,760"
"2014Q2","Bulgaria","Total","Total","Total","Total positive decisions","Person","1,345"
"2014Q2","Czech Republic","Total","Total","Total","Total positive decisions","Person","85"
"2014Q2","Denmark","Total","Total","Total","Total positive decisions","Person","1,065"
"2014Q2","Germany (until 1990 former territory of the FRG)","Total","Total","Total","Total positive decisions","Person","8,020"
"2014Q2","Estonia","Total","Total","Total","Total positive decisions","Person","10"
"2014Q2","Ireland","Total","Total","Total","Total positive decisions","Person","80"
"2014Q2","Greece","Total","Total","Total","Total positive decisions","Person","500"
"2014Q2","Spain","Total","Total","Total","Total positive decisions","Person","195"
"2014Q2","France","Total","Total","Total","Total positive decisions","Person","3,445"
"2014Q2","Italy","Total","Total","Total","Total positive decisions","Person","5,250"
"2014Q2","Cyprus","Total","Total","Total","Total positive decisions","Person","195"
"2014Q2","Latvia","Total","Total","Total","Total positive decisions","Person","0"
"2014Q2","Lithuania","Total","Total","Total","Total positive decisions","Person","10"
"2014Q2","Luxembourg","Total","Total","Total","Total positive decisions","Person","25"
"2014Q2","Hungary","Total","Total","Total","Total positive decisions","Person","130"
"2014Q2","Malta","Total","Total","Total","Total positive decisions","Person","305"
"2014Q2","Netherlands","Total","Total","Total","Total positive decisions","Person","1,830"
"2014Q2","Austria","Total","Total","Total","Total positive decisions","Person","1,515"
"2014Q2","Poland","Total","Total","Total","Total positive decisions","Person","185"
"2014Q2","Portugal","Total","Total","Total","Total positive decisions","Person","5"
"2014Q2","Romania","Total","Total","Total","Total positive decisions","Person","205"
"2014Q2","Slovenia","Total","Total","Total","Total positive decisions","Person","15"
"2014Q2","Slovakia","Total","Total","Total","Total positive decisions","Person","45"
"2014Q2","Finland","Total","Total","Total","Total positive decisions","Person","275"
"2014Q2","Sweden","Total","Total","Total","Total positive decisions","Person","7,070"
"2014Q2","United Kingdom","Total","Total","Total","Total positive decisions","Person","1,860"
"2014Q2","Norway","Total","Total","Total","Total positive decisions","Person","745"
"2014Q3","Belgium","Total","Total","Total","Total positive decisions","Person","2,025"
"2014Q3","Bulgaria","Total","Total","Total","Total positive decisions","Person","880"
"2014Q3","Czech Republic","Total","Total","Total","Total positive decisions","Person","85"
"2014Q3","Denmark","Total","Total","Total","Total positive decisions","Person","1,865"
"2014Q3","Germany (until 1990 former territory of the FRG)","Total","Total","Total","Total positive decisions","Person","9,585"
"2014Q3","Estonia","Total","Total","Total","Total positive decisions","Person","5"
"2014Q3","Ireland","Total","Total","Total","Total positive decisions","Person","130"
"2014Q3","Greece","Total","Total","Total","Total positive decisions","Person","415"
"2014Q3","Spain","Total","Total","Total","Total positive decisions","Person","855"
"2014Q3","France","Total","Total","Total","Total positive decisions","Person","3,270"
"2014Q3","Italy","Total","Total","Total","Total positive decisions","Person","5,500"
"2014Q3","Cyprus","Total","Total","Total","Total positive decisions","Person","320"
"2014Q3","Latvia","Total","Total","Total","Total positive decisions","Person","5"
"2014Q3","Lithuania","Total","Total","Total","Total positive decisions","Person","10"
"2014Q3","Luxembourg","Total","Total","Total","Total positive decisions","Person","15"
"2014Q3","Hungary","Total","Total","Total","Total positive decisions","Person","120"
"2014Q3","Malta","Total","Total","Total","Total positive decisions","Person","195"
"2014Q3","Netherlands","Total","Total","Total","Total positive decisions","Person","4,330"
"2014Q3","Austria","Total","Total","Total","Total positive decisions","Person","1,830"
"2014Q3","Poland","Total","Total","Total","Total positive decisions","Person","140"
"2014Q3","Portugal","Total","Total","Total","Total positive decisions","Person","20"
"2014Q3","Romania","Total","Total","Total","Total positive decisions","Person","145"
"2014Q3","Slovenia","Total","Total","Total","Total positive decisions","Person","10"
"2014Q3","Slovakia","Total","Total","Total","Total positive decisions","Person","40"
"2014Q3","Finland","Total","Total","Total","Total positive decisions","Person","335"
"2014Q3","Sweden","Total","Total","Total","Total positive decisions","Person","7,660"
"2014Q3","United Kingdom","Total","Total","Total","Total positive decisions","Person","3,005"
"2014Q3","Norway","Total","Total","Total","Total positive decisions","Person","1,340"
"2014Q4","Belgium","Total","Total","Total","Total positive decisions","Person","2,610"
"2014Q4","Bulgaria","Total","Total","Total","Total positive decisions","Person","1,985"
"2014Q4","Czech Republic","Total","Total","Total","Total positive decisions","Person","155"
"2014Q4","Denmark","Total","Total","Total","Total positive decisions","Person","1,615"
"2014Q4","Germany (until 1990 former territory of the FRG)","Total","Total","Total","Total positive decisions","Person","14,910"
"2014Q4","Estonia","Total","Total","Total","Total positive decisions","Person","5"
"2014Q4","Ireland","Total","Total","Total","Total positive decisions","Person","125"
"2014Q4","Greece","Total","Total","Total","Total positive decisions","Person","720"
"2014Q4","Spain","Total","Total","Total","Total positive decisions","Person","370"
"2014Q4","France","Total","Total","Total","Total positive decisions","Person","4,715"
"2014Q4","Italy","Total","Total","Total","Total positive decisions","Person","5,165"
"2014Q4","Cyprus","Total","Total","Total","Total positive decisions","Person","340"
"2014Q4","Latvia","Total","Total","Total","Total positive decisions","Person","15"
"2014Q4","Lithuania","Total","Total","Total","Total positive decisions","Person","25"
"2014Q4","Luxembourg","Total","Total","Total","Total positive decisions","Person","50"
"2014Q4","Hungary","Total","Total","Total","Total positive decisions","Person","165"
"2014Q4","Malta","Total","Total","Total","Total positive decisions","Person","380"
"2014Q4","Netherlands","Total","Total","Total","Total positive decisions","Person","4,655"
"2014Q4","Austria","Total","Total","Total","Total positive decisions","Person","3,280"
"2014Q4","Poland","Total","Total","Total","Total positive decisions","Person","195"
"2014Q4","Portugal","Total","Total","Total","Total positive decisions","Person","70"
"2014Q4","Romania","Total","Total","Total","Total positive decisions","Person","205"
"2014Q4","Slovenia","Total","Total","Total","Total positive decisions","Person","15"
"2014Q4","Slovakia","Total","Total","Total","Total positive decisions","Person","35"
"2014Q4","Finland","Total","Total","Total","Total positive decisions","Person","350"
"2014Q4","Sweden","Total","Total","Total","Total positive decisions","Person","7,975"
"2014Q4","United Kingdom","Total","Total","Total","Total positive decisions","Person","3,905"
"2014Q4","Norway","Total","Total","Total","Total positive decisions","Person","1,425"
"2015Q1","Belgium","Total","Total","Total","Total positive decisions","Person","2,495"
"2015Q1","Bulgaria","Total","Total","Total","Total positive decisions","Person","1,095"
"2015Q1","Czech Republic","Total","Total","Total","Total positive decisions","Person","140"
"2015Q1","Denmark","Total","Total","Total","Total positive decisions","Person","3,280"
"2015Q1","Germany (until 1990 former territory of the FRG)","Total","Total","Total","Total positive decisions","Person","21,305"
"2015Q1","Estonia","Total","Total","Total","Total positive decisions","Person","10"
"2015Q1","Ireland","Total","Total","Total","Total positive decisions","Person","105"
"2015Q1","Greece","Total","Total","Total","Total positive decisions","Person","1,045"
"2015Q1","Spain","Total","Total","Total","Total positive decisions","Person","120"
"2015Q1","France","Total","Total","Total","Total positive decisions","Person","4,610"
"2015Q1","Italy","Total","Total","Total","Total positive decisions","Person","5,480"
"2015Q1","Cyprus","Total","Total","Total","Total positive decisions","Person","360"
"2015Q1","Latvia","Total","Total","Total","Total positive decisions","Person","0"
"2015Q1","Lithuania","Total","Total","Total","Total positive decisions","Person","15"
"2015Q1","Luxembourg","Total","Total","Total","Total positive decisions","Person","65"
"2015Q1","Hungary","Total","Total","Total","Total positive decisions","Person","130"
"2015Q1","Malta","Total","Total","Total","Total positive decisions","Person","240"
"2015Q1","Netherlands","Total","Total","Total","Total positive decisions","Person","4,505"
"2015Q1","Austria","Total","Total","Total","Total positive decisions","Person","2,660"
"2015Q1","Poland","Total","Total","Total","Total positive decisions","Person","155"
"2015Q1","Portugal","Total","Total","Total","Total positive decisions","Person","45"
"2015Q1","Romania","Total","Total","Total","Total positive decisions","Person","105"
"2015Q1","Slovenia","Total","Total","Total","Total positive decisions","Person","15"
"2015Q1","Slovakia","Total","Total","Total","Total positive decisions","Person","20"
"2015Q1","Finland","Total","Total","Total","Total positive decisions","Person","315"
"2015Q1","Sweden","Total","Total","Total","Total positive decisions","Person","6,025"
"2015Q1","United Kingdom","Total","Total","Total","Total positive decisions","Person","4,280"
"2015Q1","Norway","Total","Total","Total","Total positive decisions","Person","1,615"
"2015Q2","Belgium","Total","Total","Total","Total positive decisions","Person","2,455"
"2015Q2","Bulgaria","Total","Total","Total","Total positive decisions","Person","1,925"
"2015Q2","Czech Republic","Total","Total","Total","Total positive decisions","Person","135"
"2015Q2","Denmark","Total","Total","Total","Total positive decisions","Person","2,385"
"2015Q2","Germany (until 1990 former territory of the FRG)","Total","Total","Total","Total positive decisions","Person","19,855"
"2015Q2","Estonia","Total","Total","Total","Total positive decisions","Person","20"
"2015Q2","Ireland","Total","Total","Total","Total positive decisions","Person","75"
"2015Q2","Greece","Total","Total","Total","Total positive decisions","Person","1,150"
"2015Q2","Spain","Total","Total","Total","Total positive decisions","Person","295"
"2015Q2","France","Total","Total","Total","Total positive decisions","Person","4,910"
"2015Q2","Italy","Total","Total","Total","Total positive decisions","Person","6,460"
"2015Q2","Cyprus","Total","Total","Total","Total positive decisions","Person","280"
"2015Q2","Latvia","Total","Total","Total","Total positive decisions","Person","5"
"2015Q2","Lithuania","Total","Total","Total","Total positive decisions","Person","30"
"2015Q2","Luxembourg","Total","Total","Total","Total positive decisions","Person","20"
"2015Q2","Hungary","Total","Total","Total","Total positive decisions","Person","110"
"2015Q2","Malta","Total","Total","Total","Total positive decisions","Person","240"
"2015Q2","Netherlands","Total","Total","Total","Total positive decisions","Person","2,075"
"2015Q2","Austria","Total","Total","Total","Total positive decisions","Person","3,690"
"2015Q2","Poland","Total","Total","Total","Total positive decisions","Person","120"
"2015Q2","Portugal","Total","Total","Total","Total positive decisions","Person","15"
"2015Q2","Romania","Total","Total","Total","Total positive decisions","Person","130"
"2015Q2","Slovenia","Total","Total","Total","Total positive decisions","Person","10"
"2015Q2","Slovakia","Total","Total","Total","Total positive decisions","Person","30"
"2015Q2","Finland","Total","Total","Total","Total positive decisions","Person","340"
"2015Q2","Sweden","Total","Total","Total","Total positive decisions","Person","7,550"
"2015Q2","United Kingdom","Total","Total","Total","Total positive decisions","Person","3,250"
"2015Q2","Norway","Total","Total","Total","Total positive decisions","Person","1,440"
"2015Q3","Belgium","Total","Total","Total","Total positive decisions","Person","2,380"
"2015Q3","Bulgaria","Total","Total","Total","Total positive decisions","Person","1,830"
"2015Q3","Czech Republic","Total","Total","Total","Total positive decisions","Person","90"
"2015Q3","Denmark","Total","Total","Total","Total positive decisions","Person","1,900"
"2015Q3","Germany (until 1990 former territory of the FRG)","Total","Total","Total","Total positive decisions","Person","27,140"
"2015Q3","Estonia","Total","Total","Total","Total positive decisions","Person","30"
"2015Q3","Ireland","Total","Total","Total","Total positive decisions","Person","80"
"2015Q3","Greece","Total","Total","Total","Total positive decisions","Person","1,200"
"2015Q3","Spain","Total","Total","Total","Total positive decisions","Person","220"
"2015Q3","France","Total","Total","Total","Total positive decisions","Person","5,070"
"2015Q3","Italy","Total","Total","Total","Total positive decisions","Person","7,850"
"2015Q3","Cyprus","Total","Total","Total","Total positive decisions","Person","575"
"2015Q3","Latvia","Total","Total","Total","Total positive decisions","Person","5"
"2015Q3","Lithuania","Total","Total","Total","Total positive decisions","Person","5"
"2015Q3","Luxembourg","Total","Total","Total","Total positive decisions","Person","35"
"2015Q3","Hungary","Total","Total","Total","Total positive decisions","Person","110"
"2015Q3","Malta","Total","Total","Total","Total positive decisions","Person","320"
"2015Q3","Netherlands","Total","Total","Total","Total positive decisions","Person","3,185"
"2015Q3","Austria","Total","Total","Total","Total positive decisions","Person","3,755"
"2015Q3","Poland","Total","Total","Total","Total positive decisions","Person","280"
"2015Q3","Portugal","Total","Total","Total","Total positive decisions","Person","95"
"2015Q3","Romania","Total","Total","Total","Total positive decisions","Person","125"
"2015Q3","Slovenia","Total","Total","Total","Total positive decisions","Person","10"
"2015Q3","Slovakia","Total","Total","Total","Total positive decisions","Person","15"
"2015Q3","Finland","Total","Total","Total","Total positive decisions","Person","405"
"2015Q3","Sweden","Total","Total","Total","Total positive decisions","Person","9,120"
"2015Q3","United Kingdom","Total","Total","Total","Total positive decisions","Person","3,230"
"2015Q3","Norway","Total","Total","Total","Total positive decisions","Person","1,570"
"2015Q4","Belgium","Total","Total","Total","Total positive decisions","Person","3,145"
"2015Q4","Bulgaria","Total","Total","Total","Total positive decisions","Person","745"
"2015Q4","Czech Republic","Total","Total","Total","Total positive decisions","Person","95"
"2015Q4","Denmark","Total","Total","Total","Total positive decisions","Person","2,350"
"2015Q4","Germany (until 1990 former territory of the FRG)","Total","Total","Total","Total positive decisions","Person","72,610"
"2015Q4","Estonia","Total","Total","Total","Total positive decisions","Person","20"
"2015Q4","Ireland","Total","Total","Total","Total positive decisions","Person","70"
"2015Q4","Greece","Total","Total","Total","Total positive decisions","Person","630"
"2015Q4","Spain","Total","Total","Total","Total positive decisions","Person","385"
"2015Q4","France","Total","Total","Total","Total positive decisions","Person","6,045"
"2015Q4","Italy","Total","Total","Total","Total positive decisions","Person","9,820"
"2015Q4","Cyprus","Total","Total","Total","Total positive decisions","Person","370"
"2015Q4","Latvia","Total","Total","Total","Total positive decisions","Person","5"
"2015Q4","Lithuania","Total","Total","Total","Total positive decisions","Person","35"
"2015Q4","Luxembourg","Total","Total","Total","Total positive decisions","Person","65"
"2015Q4","Hungary","Total","Total","Total","Total positive decisions","Person","160"
"2015Q4","Malta","Total","Total","Total","Total positive decisions","Person","455"
"2015Q4","Netherlands","Total","Total","Total","Total positive decisions","Person","6,685"
"2015Q4","Austria","Total","Total","Total","Total positive decisions","Person","4,935"
"2015Q4","Poland","Total","Total","Total","Total positive decisions","Person","85"
"2015Q4","Portugal","Total","Total","Total","Total positive decisions","Person","40"
"2015Q4","Romania","Total","Total","Total","Total positive decisions","Person","120"
"2015Q4","Slovenia","Total","Total","Total","Total positive decisions","Person","10"
"2015Q4","Slovakia","Total","Total","Total","Total positive decisions","Person","15"
"2015Q4","Finland","Total","Total","Total","Total positive decisions","Person","615"
"2015Q4","Sweden","Total","Total","Total","Total positive decisions","Person","9,520"
"2015Q4","United Kingdom","Total","Total","Total","Total positive decisions","Person","3,195"
"2015Q4","Norway","Total","Total","Total","Total positive decisions","Person","1,625"
"2016Q1","Belgium","Total","Total","Total","Total positive decisions","Person","3,980"
"2016Q1","Bulgaria","Total","Total","Total","Total positive decisions","Person","265"
"2016Q1","Czech Republic","Total","Total","Total","Total positive decisions","Person","165"
"2016Q1","Denmark","Total","Total","Total","Total positive decisions","Person","1,705"
"2016Q1","Germany (until 1990 former territory of the FRG)","Total","Total","Total","Total positive decisions","Person","94,780"
"2016Q1","Estonia","Total","Total","Total","Total positive decisions","Person","30"
"2016Q1","Ireland","Total","Total","Total","Total positive decisions","Person","110"
"2016Q1","Greece","Total","Total","Total","Total positive decisions","Person","440"
"2016Q1","Spain","Total","Total","Total","Total positive decisions","Person","1,645"
"2016Q1","France","Total","Total","Total","Total positive decisions","Person","5,590"
"2016Q1","Italy","Total","Total","Total","Total positive decisions","Person","7,935"
"2016Q1","Cyprus","Total","Total","Total","Total positive decisions","Person","420"
"2016Q1","Latvia","Total","Total","Total","Total positive decisions","Person","25"
"2016Q1","Lithuania","Total","Total","Total","Total positive decisions","Person","15"
"2016Q1","Luxembourg","Total","Total","Total","Total positive decisions","Person","130"
"2016Q1","Hungary","Total","Total","Total","Total positive decisions","Person","150"
"2016Q1","Malta","Total","Total","Total","Total positive decisions","Person","430"
"2016Q1","Netherlands","Total","Total","Total","Total positive decisions","Person","7,620"
"2016Q1","Austria","Total","Total","Total","Total positive decisions","Person","5,990"
"2016Q1","Poland","Total","Total","Total","Total positive decisions","Person","55"
"2016Q1","Portugal","Total","Total","Total","Total positive decisions","Person","120"
"2016Q1","Romania","Total","Total","Total","Total positive decisions","Person","95"
"2016Q1","Slovenia","Total","Total","Total","Total positive decisions","Person","20"
"2016Q1","Slovakia","Total","Total","Total","Total positive decisions","Person","160"
"2016Q1","Finland","Total","Total","Total","Total positive decisions","Person","1,190"
"2016Q1","Sweden","Total","Total","Total","Total positive decisions","Person","7,430"
"2016Q1","United Kingdom","Total","Total","Total","Total positive decisions","Person","2,765"
"2016Q1","Norway","Total","Total","Total","Total positive decisions","Person","1,725"
"2016Q2","Belgium","Total","Total","Total","Total positive decisions","Person","4,385"
"2016Q2","Bulgaria","Total","Total","Total","Total positive decisions","Person","230"
"2016Q2","Czech Republic","Total","Total","Total","Total positive decisions","Person","130"
"2016Q2","Denmark","Total","Total","Total","Total positive decisions","Person","2,585"
"2016Q2","Germany (until 1990 former territory of the FRG)","Total","Total","Total","Total positive decisions","Person","79,535"
"2016Q2","Estonia","Total","Total","Total","Total positive decisions","Person","35"
"2016Q2","Ireland","Total","Total","Total","Total positive decisions","Person","100"
"2016Q2","Greece","Total","Total","Total","Total positive decisions","Person","525"
"2016Q2","Spain","Total","Total","Total","Total positive decisions","Person","1,565"
"2016Q2","France","Total","Total","Total","Total positive decisions","Person","7,605"
"2016Q2","Italy","Total","Total","Total","Total positive decisions","Person","9,060"
"2016Q2","Cyprus","Total","Total","Total","Total positive decisions","Person","360"
"2016Q2","Latvia","Total","Total","Total","Total positive decisions","Person","20"
"2016Q2","Lithuania","Total","Total","Total","Total positive decisions","Person","15"
"2016Q2","Luxembourg","Total","Total","Total","Total positive decisions","Person","135"
"2016Q2","Hungary","Total","Total","Total","Total positive decisions","Person","105"
"2016Q2","Malta","Total","Total","Total","Total positive decisions","Person","300"
"2016Q2","Netherlands","Total","Total","Total","Total positive decisions","Person","6,670"
"2016Q2","Austria","Total","Total","Total","Total positive decisions","Person","7,635"
"2016Q2","Poland","Total","Total","Total","Total positive decisions","Person","65"
"2016Q2","Portugal","Total","Total","Total","Total positive decisions","Person","45"
"2016Q2","Romania","Total","Total","Total","Total positive decisions","Person","120"
"2016Q2","Slovenia","Total","Total","Total","Total positive decisions","Person","40"
"2016Q2","Slovakia","Total","Total","Total","Total positive decisions","Person","15"
"2016Q2","Finland","Total","Total","Total","Total positive decisions","Person","1,555"
"2016Q2","Sweden","Total","Total","Total","Total positive decisions","Person","12,790"
"2016Q2","United Kingdom","Total","Total","Total","Total positive decisions","Person","2,475"
"2016Q2","Norway","Total","Total","Total","Total positive decisions","Person","3,440"
"2016Q3","Belgium","Total","Total","Total","Total positive decisions","Person","3,390"
"2016Q3","Bulgaria","Total","Total","Total","Total positive decisions","Person","360"
"2016Q3","Czech Republic","Total","Total","Total","Total positive decisions","Person","90"
"2016Q3","Denmark","Total","Total","Total","Total positive decisions","Person","1,640"
"2016Q3","Germany (until 1990 former territory of the FRG)","Total","Total","Total","Total positive decisions","Person","119,075"
"2016Q3","Estonia","Total","Total","Total","Total positive decisions","Person","35"
"2016Q3","Ireland","Total","Total","Total","Total positive decisions","Person","145"
"2016Q3","Greece","Total","Total","Total","Total positive decisions","Person","560"
"2016Q3","Spain","Total","Total","Total","Total positive decisions","Person","2,775"
"2016Q3","France","Total","Total","Total","Total positive decisions","Person","6,820"
"2016Q3","Italy","Total","Total","Total","Total positive decisions","Person","8,350"
"2016Q3","Cyprus","Total","Total","Total","Total positive decisions","Person","170"
"2016Q3","Latvia","Total","Total","Total","Total positive decisions","Person","35"
"2016Q3","Lithuania","Total","Total","Total","Total positive decisions","Person","45"
"2016Q3","Luxembourg","Total","Total","Total","Total positive decisions","Person","240"
"2016Q3","Hungary","Total","Total","Total","Total positive decisions","Person","110"
"2016Q3","Malta","Total","Total","Total","Total positive decisions","Person","300"
"2016Q3","Netherlands","Total","Total","Total","Total positive decisions","Person","4,510"
"2016Q3","Austria","Total","Total","Total","Total positive decisions","Person","7,325"
"2016Q3","Poland","Total","Total","Total","Total positive decisions","Person","95"
"2016Q3","Portugal","Total","Total","Total","Total positive decisions","Person","90"
"2016Q3","Romania","Total","Total","Total","Total positive decisions","Person","220"
"2016Q3","Slovenia","Total","Total","Total","Total positive decisions","Person","50"
"2016Q3","Slovakia","Total","Total","Total","Total positive decisions","Person","20"
"2016Q3","Finland","Total","Total","Total","Total positive decisions","Person","1,885"
"2016Q3","Sweden","Total","Total","Total","Total positive decisions","Person","17,270"
"2016Q3","United Kingdom","Total","Total","Total","Total positive decisions","Person","2,120"
"2016Q3","Norway","Total","Total","Total","Total positive decisions","Person","4,475"
"2016Q4","Belgium","Total","Total","Total","Total positive decisions","Person","3,295"
"2016Q4","Bulgaria","Total","Total","Total","Total positive decisions","Person","495"
"2016Q4","Czech Republic","Total","Total","Total","Total positive decisions","Person","55"
"2016Q4","Denmark","Total","Total","Total","Total positive decisions","Person","1,190"
"2016Q4","Germany (until 1990 former territory of the FRG)","Total","Total","Total","Total positive decisions","Person","140,520"
"2016Q4","Estonia","Total","Total","Total","Total positive decisions","Person","25"
"2016Q4","Ireland","Total","Total","Total","Total positive decisions","Person","125"
"2016Q4","Greece","Total","Total","Total","Total positive decisions","Person","1,185"
"2016Q4","Spain","Total","Total","Total","Total positive decisions","Person","875"
"2016Q4","France","Total","Total","Total","Total positive decisions","Person","8,735"
"2016Q4","Italy","Total","Total","Total","Total positive decisions","Person","10,055"
"2016Q4","Cyprus","Total","Total","Total","Total positive decisions","Person","350"
"2016Q4","Latvia","Total","Total","Total","Total positive decisions","Person","55"
"2016Q4","Lithuania","Total","Total","Total","Total positive decisions","Person","120"
"2016Q4","Luxembourg","Total","Total","Total","Total positive decisions","Person","260"
"2016Q4","Hungary","Total","Total","Total","Total positive decisions","Person","65"
"2016Q4","Malta","Total","Total","Total","Total positive decisions","Person","165"
"2016Q4","Netherlands","Total","Total","Total","Total positive decisions","Person","2,010"
"2016Q4","Austria","Total","Total","Total","Total positive decisions","Person","9,420"
"2016Q4","Poland","Total","Total","Total","Total positive decisions","Person","90"
"2016Q4","Portugal","Total","Total","Total","Total positive decisions","Person","70"
"2016Q4","Romania","Total","Total","Total","Total positive decisions","Person","365"
"2016Q4","Slovenia","Total","Total","Total","Total positive decisions","Person","60"
"2016Q4","Slovakia","Total","Total","Total","Total positive decisions","Person","15"
"2016Q4","Finland","Total","Total","Total","Total positive decisions","Person","2,435"
"2016Q4","Sweden","Total","Total","Total","Total positive decisions","Person","29,100"
"2016Q4","United Kingdom","Total","Total","Total","Total positive decisions","Person","2,580"
"2016Q4","Norway","Total","Total","Total","Total positive decisions","Person","3,140"
